{"time": "2022-05-29 00:21:58.091411 +0800 HKT m=+107538.313364830", "total": 4608, "spendable": 2816, "freeze": 1792}