{"time": "2022-05-29 01:03:39.509482 +0800 HKT m=+110039.683105636", "total": 4864, "spendable": 2816, "freeze": 2048}